uid,NumberOfFollowers,NumberOfFollowing,NumberOfTweets,Label
3610511,5470,2385,20370,Legitimate User
5656162,506,381,3131,Legitimate User
5682702,264,87,4024,Legitimate User
6067292,640,622,40586,Legitimate User
6015122,62,64,2016,Legitimate User
6140012,138,179,3603,Legitimate User
6134312,128,168,1183,Legitimate User
6684602,1062,1770,6194,Legitimate User
7046912,23368,958,10962,Legitimate User
7470952,760,712,10947,Legitimate User
8072492,477,218,2754,Legitimate User
8291932,1390,1177,26713,Legitimate User
8858022,314,338,4111,Legitimate User
8927532,97,203,1441,Legitimate User
8933252,289,1930,1698,Legitimate User
9351052,93,78,402,Legitimate User
9564632,2242,918,16935,Legitimate User
9939012,689,891,9437,Legitimate User
9993142,505,571,3742,Legitimate User
10492262,81,181,770,Legitimate User
11176152,128,371,1430,Legitimate User
13260592,899,305,6996,Legitimate User
14057516,375,1039,3284,Legitimate User
14112759,46,146,160,Legitimate User
14492555,57,110,292,Legitimate User
14709812,616,647,5876,Legitimate User
14865840,1132,1096,7534,Legitimate User
14958182,254,276,1294,Legitimate User
15016610,298,419,6340,Legitimate User
15271419,6352,3873,5472,Legitimate User
15391421,2065,1125,22540,Legitimate User
15836275,85,338,732,Legitimate User
15873303,623,323,38781,Legitimate User
16093829,1265,323,10451,Legitimate User
16591972,256,873,2784,Legitimate User
16927266,43,109,823,Legitimate User
17654864,79,259,442,Legitimate User
17852114,86,131,350,Legitimate User
18173213,393,1047,3694,Legitimate User
18527544,208,196,9686,Legitimate User
18671285,555,755,16427,Legitimate User
18735790,85,121,1006,Legitimate User
18800245,300,951,1122,Legitimate User
19598248,88,267,1386,Legitimate User
21102000,1964,2003,18267,Legitimate User
21770069,3813,1505,15365,Legitimate User
22015750,552,1446,2242,Legitimate User
22136015,279,64,4149,Legitimate User
22203964,2526,299,8384,Legitimate User
22508731,100,259,612,Legitimate User
22627606,126,407,660,Legitimate User
22985259,849,1846,5287,Legitimate User
23748269,165,285,2275,Legitimate User
23847948,87,174,3551,Legitimate User
24352106,12,36,282,Legitimate User
24510304,47,80,493,Legitimate User
25442408,283,268,1012,Legitimate User
25911628,134,257,1706,Legitimate User
26232444,45,66,103,Legitimate User
26771352,35,178,189,Legitimate User
27241975,179,154,3720,Legitimate User
27422705,110,295,1566,Legitimate User
27636956,627,1089,1672,Legitimate User
27887098,69,210,969,Legitimate User
28313453,378,239,7307,Legitimate User
28342883,1012,1449,4240,Legitimate User
28363979,16,42,74,Legitimate User
28845598,463,330,6866,Legitimate User
29500667,151,301,31546,Legitimate User
29510629,69,318,966,Legitimate User
29646177,2638,1743,28808,Legitimate User
30062603,88,205,386,Legitimate User
31102741,1169,1642,3763,Legitimate User
31162918,319,793,522,Legitimate User
32025215,445,489,30547,Legitimate User
32130104,362,318,6175,Legitimate User
32204918,262,1513,348,Legitimate User
33950570,232,431,484,Legitimate User
34355343,46,122,2190,Legitimate User
34897604,22,49,116,Legitimate User
35737313,26,73,482,Legitimate User
36190135,49,20,344,Legitimate User
36381609,258,191,1805,Legitimate User
36727238,85,460,748,Legitimate User
37539436,1161,194,34917,Legitimate User
37733715,173,390,3397,Legitimate User
37889070,587,295,5561,Legitimate User
37922072,257,473,3526,Legitimate User
38002859,413,70,371,Legitimate User
38223194,149,463,1361,Legitimate User
38730407,280,502,887,Legitimate User
38972677,125,549,3276,Legitimate User
39721490,48,112,971,Legitimate User
39748948,231,433,8173,Legitimate User
41780152,120,406,728,Legitimate User
41785738,46,115,350,Legitimate User
42676920,508,1153,9626,Legitimate User
42754744,414,1196,4736,Legitimate User
43069058,191,656,732,Legitimate User
43870029,46,96,516,Legitimate User
43964510,1707,1376,8635,Legitimate User
44042861,184,302,2935,Legitimate User
44335261,369,202,1030,Legitimate User
44451302,209,168,2035,Legitimate User
45100798,162,352,3152,Legitimate User
45307775,488,366,6131,Legitimate User
45529357,290,347,3902,Legitimate User
45778279,231,152,4357,Legitimate User
46137662,685,688,18810,Legitimate User
46334699,370,934,3302,Legitimate User
47612213,23,227,160,Legitimate User
48034707,272,336,6002,Legitimate User
48182327,105,427,1781,Legitimate User
48652450,75,138,1184,Legitimate User
48989220,501,697,13159,Legitimate User
49044510,50,1273,280,Legitimate User
49319803,245,241,5237,Legitimate User
49341424,87,173,611,Legitimate User
49934607,111,768,835,Legitimate User
49977491,44,136,1187,Legitimate User
50571065,74,345,2185,Legitimate User
50585331,249,548,148,Legitimate User
50589337,89,237,1073,Legitimate User
50598277,23,152,127,Legitimate User
50619779,147,405,1601,Legitimate User
50972738,129,380,704,Legitimate User
51005435,76,650,57,Legitimate User
51015996,80,290,552,Legitimate User
51037293,116,160,4862,Legitimate User
51150318,412,1974,1652,Legitimate User
51738765,63,185,1786,Legitimate User
51780170,45,99,238,Legitimate User
52157135,99,226,764,Legitimate User
53025684,641,1221,5745,Legitimate User
53027768,170,635,2703,Legitimate User
53621838,57,215,2683,Legitimate User
54556442,238,590,2064,Legitimate User
54691030,116,112,709,Legitimate User
54864334,160,227,2893,Legitimate User
54867711,83,70,1425,Legitimate User
54911584,333,1598,246,Legitimate User
55550359,139,454,519,Legitimate User
55590832,120,146,1876,Legitimate User
55819049,254,192,13774,Legitimate User
56326516,5027,5530,16195,Legitimate User
56345134,2812,1988,3885,Legitimate User
56466070,100,162,9147,Legitimate User
56662794,54,187,80,Legitimate User
56706947,65,281,684,Legitimate User
56966762,28,76,351,Legitimate User
57365720,98,75,6351,Legitimate User
57928664,179,723,9372,Legitimate User
59083826,117,552,537,Legitimate User
59402800,84,418,446,Legitimate User
60508255,258,770,5999,Legitimate User
61198155,148,104,11156,Legitimate User
61452320,53,53,139,Legitimate User
61513445,77,171,567,Legitimate User
61794519,14,18,77,Legitimate User
62017536,78,152,235,Legitimate User
62364690,1672,802,25575,Legitimate User
63517006,62,183,120,Legitimate User
63822625,88,111,1130,Legitimate User
64967572,473,299,79876,Legitimate User
66092090,46,105,613,Legitimate User
67002064,126,199,4288,Legitimate User
67006908,369,250,3896,Legitimate User
69654626,4,12,44,Legitimate User
69843045,150,536,2277,Legitimate User
69892452,444,620,326,Legitimate User
70735118,220,282,3730,Legitimate User
71295474,100,164,2060,Legitimate User
71336448,63,161,787,Legitimate User
71366031,77,227,640,Legitimate User
71495570,207,356,2475,Legitimate User
71522541,94,338,1334,Legitimate User
71582266,161,546,1349,Legitimate User
72149178,96,168,1533,Legitimate User
72314987,42,275,413,Legitimate User
72816504,64,262,2185,Legitimate User
72890647,563,774,8713,Legitimate User
72967193,95,139,650,Legitimate User
73627373,128,324,2617,Legitimate User
73799359,120,429,268,Legitimate User
74147053,179,2000,1110,Legitimate User
74156552,1772,1771,4707,Legitimate User
74486653,252,667,1447,Legitimate User
74544145,516,443,3020,Legitimate User
75270480,56,156,302,Legitimate User
75320990,102,392,1809,Legitimate User
75386921,21,63,271,Legitimate User
75522479,189,283,8890,Legitimate User
75777355,238,158,13300,Legitimate User
76286424,369,198,6212,Legitimate User
76982240,243,761,1570,Legitimate User
77165019,84,601,1111,Legitimate User
77243029,575,860,4812,Legitimate User
77528520,13890,12773,34098,Legitimate User
78116487,588,868,6273,Legitimate User
78719596,17,78,183,Legitimate User
80000814,214,314,8387,Legitimate User
81056258,281,405,1373,Legitimate User
81218261,20,95,33,Legitimate User
81239268,54,100,2636,Legitimate User
81352611,111,216,3199,Legitimate User
81592426,635,320,16037,Legitimate User
81680710,554,1853,5756,Legitimate User
81915249,469,1988,4712,Legitimate User
82068999,153,308,1497,Legitimate User
82324675,289,364,1959,Legitimate User
82837121,213,506,7838,Legitimate User
83087554,125,187,1476,Legitimate User
83236897,409,1159,5367,Legitimate User
83338869,263,414,1407,Legitimate User
83581269,122,427,873,Legitimate User
84114885,46,68,2396,Legitimate User
84214494,151,1172,1913,Legitimate User
84426046,23,60,96,Legitimate User
84561646,116,220,540,Legitimate User
84596057,2221,1636,21069,Legitimate User
85184915,517,34,6256,Legitimate User
85305729,126,126,4043,Legitimate User
85391583,245,153,6213,Legitimate User
85637186,111,282,4418,Legitimate User
85668015,34,77,478,Legitimate User
85866409,292,611,6631,Legitimate User
86036102,18,186,93,Legitimate User
86353404,44,63,802,Legitimate User
86525417,44,138,315,Legitimate User
86561552,75,217,831,Legitimate User
86612717,35,139,277,Legitimate User
86741673,244,294,4082,Legitimate User
86981924,21,368,334,Legitimate User
87654715,29,28,299,Legitimate User
88528666,40,53,319,Legitimate User
89237976,123,213,549,Legitimate User
89734891,22,125,618,Legitimate User
91303893,48,96,421,Legitimate User
92225723,233,40,1205,Legitimate User
92403540,408372,194,1667,Legitimate User
93259719,504,401,9057,Legitimate User
93648877,30,96,294,Legitimate User
94841494,42,81,294,Legitimate User
95008519,479,261,508,Legitimate User
95243555,612,257,4476,Legitimate User
95452901,131,193,1132,Legitimate User
96338067,74,182,364,Legitimate User
96586973,55,271,1181,Legitimate User
98481107,95,213,360,Legitimate User
98913291,19,253,28,Legitimate User
100459808,27,255,159,Legitimate User
100996879,68,178,649,Legitimate User
101503282,169,1021,2264,Legitimate User
102422355,15,76,67,Legitimate User
102760709,111,216,3833,Legitimate User
103055195,30,96,76,Legitimate User
103304208,34,68,495,Legitimate User
104235671,76,377,2349,Legitimate User
104566770,11089,565,10619,Legitimate User
104754590,227,521,820,Legitimate User
104770020,102,254,758,Legitimate User
104775098,144,543,1065,Legitimate User
104818930,65,186,380,Legitimate User
104897833,1271,619,9971,Legitimate User
105128951,53,56,117,Legitimate User
105429377,1612,1581,14467,Legitimate User
105496654,95,135,1869,Legitimate User
106456147,133,270,504,Legitimate User
107216254,190,620,360,Legitimate User
107421428,357,826,2620,Legitimate User
107990833,239,348,3461,Legitimate User
108148833,115,454,9966,Legitimate User
108557681,2698,261,2765,Legitimate User
109079114,1076,840,24057,Legitimate User
110273768,2818,3032,30909,Legitimate User
110439086,68,258,2685,Legitimate User
110942781,72,14,161,Legitimate User
111354131,95,174,2656,Legitimate User
111924058,3286,2743,16955,Legitimate User
112745297,777,1995,4067,Legitimate User
113487244,140,190,4190,Legitimate User
113746083,932,781,14246,Legitimate User
114467204,44,91,594,Legitimate User
114541436,81,182,360,Legitimate User
115340992,27,59,707,Legitimate User
115349856,125,452,444,Legitimate User
115955798,2107,1898,15131,Legitimate User
116190007,200,461,5936,Legitimate User
116538160,57,104,540,Legitimate User
117463248,201,500,889,Legitimate User
117708359,625,268,3980,Legitimate User
117755159,872,625,5558,Legitimate User
118024286,126,650,1656,Legitimate User
118339229,237,487,3139,Legitimate User
118898139,554,937,5660,Legitimate User
119065059,347,431,476,Legitimate User
123582130,10,41,63,Legitimate User
123912727,25,135,621,Legitimate User
124439362,53,487,160,Legitimate User
124578978,577,776,9410,Legitimate User
125088832,87,305,777,Legitimate User
126727689,286,538,10378,Legitimate User
126737626,49,218,622,Legitimate User
128587032,235,533,1550,Legitimate User
129214047,326,423,6634,Legitimate User
129586152,154,257,112,Legitimate User
130766020,86,80,1671,Legitimate User
131435310,547,1416,887,Legitimate User
132104173,582,437,36944,Legitimate User
132128902,43,203,200,Legitimate User
132182052,63,295,104,Legitimate User
132621562,22,29,101,Legitimate User
132888488,119,626,1358,Legitimate User
132983450,11,68,288,Legitimate User
133447001,1047,1516,883,Legitimate User
134526134,172,115,8662,Legitimate User
134803800,1403,1442,1352,Legitimate User
135111235,136,471,639,Legitimate User
135248338,36,166,441,Legitimate User
135441917,300,102,5369,Legitimate User
135525784,478,261,30010,Legitimate User
135894129,78,215,3366,Legitimate User
136622745,315,706,1529,Legitimate User
136692380,117,287,2212,Legitimate User
137390297,53,411,252,Legitimate User
138322603,106,232,272,Legitimate User
138438793,221,561,3088,Legitimate User
138529938,61,179,629,Legitimate User
138867555,162,369,3134,Legitimate User
140030010,3137,142,4145,Legitimate User
140191830,71,109,236,Legitimate User
140410819,101,286,520,Legitimate User
141669233,195,117,9824,Legitimate User
142238323,300,310,493,Legitimate User
142335653,438,938,6475,Legitimate User
143990497,13,48,137,Legitimate User
144207876,160,243,1257,Legitimate User
144305807,210,235,5671,Legitimate User
145748083,45,85,1149,Legitimate User
146093361,80,40,4323,Legitimate User
148536610,88,228,1063,Legitimate User
149278846,74,334,106,Legitimate User
150026364,252,627,1368,Legitimate User
150307637,42,149,770,Legitimate User
150983977,201,165,5755,Legitimate User
151590831,315,460,3907,Legitimate User
151602547,61,158,1465,Legitimate User
151832482,84,118,3653,Legitimate User
153094652,127,290,3569,Legitimate User
153324815,1053,448,8707,Legitimate User
154267358,54,219,1254,Legitimate User
154624409,43,64,257,Legitimate User
155845161,120,253,3204,Legitimate User
157290467,97,198,1875,Legitimate User
158859711,22,105,1287,Legitimate User
159923003,210,175,6793,Legitimate User
159931202,29,195,431,Legitimate User
160466484,4053,956,32223,Legitimate User
160883386,89,81,107,Legitimate User
161612145,274,251,8679,Legitimate User
161845690,281,259,5707,Legitimate User
163025432,423,400,485,Legitimate User
163354973,102,252,834,Legitimate User
163425928,33,135,666,Legitimate User
163932767,163,445,6812,Legitimate User
164074870,68,96,1462,Legitimate User
165042220,61,203,746,Legitimate User
165751518,329,588,28833,Legitimate User
166094049,46,98,1583,Legitimate User
168422352,133,209,572,Legitimate User
168761446,395,700,2917,Legitimate User
170352080,297,215,12381,Legitimate User
170384943,1218,554,5299,Legitimate User
170642321,66,58,2511,Legitimate User
170649757,19,139,9,Legitimate User
170745775,45,94,154,Legitimate User
171422343,32,93,861,Legitimate User
173006814,149,428,716,Legitimate User
173164569,1228,970,4428,Legitimate User
173662542,464,410,9115,Legitimate User
173788566,97,126,259,Legitimate User
174747861,1341,2002,18470,Legitimate User
174762418,275,549,2493,Legitimate User
176362396,92,469,1549,Legitimate User
178507135,3074,1686,47918,Legitimate User
181191549,117,184,280,Legitimate User
181477746,678,337,12834,Legitimate User
182342223,206,341,1172,Legitimate User
183148817,1330,1609,32448,Legitimate User
183149280,58,194,144,Legitimate User
183201799,418,1020,4392,Legitimate User
183559621,127,123,3450,Legitimate User
184102704,61,153,691,Legitimate User
184812764,411,560,6554,Legitimate User
185390609,156,91,1824,Legitimate User
187185454,128,178,3110,Legitimate User
187491410,174,383,922,Legitimate User
189179659,337,321,15703,Legitimate User
189263728,128,487,185,Legitimate User
190225727,20,92,117,Legitimate User
190569663,44,133,2630,Legitimate User
190591610,110,270,3800,Legitimate User
191391803,56,158,1535,Legitimate User
191781461,35,236,363,Legitimate User
193657123,111,209,3597,Legitimate User
193786482,87,361,471,Legitimate User
194232740,46,205,450,Legitimate User
194896850,1084,410,1359,Legitimate User
195322597,70,176,178,Legitimate User
195413637,80,206,604,Legitimate User
196514953,1578,332,5811,Legitimate User
196852073,104,268,733,Legitimate User
197027748,104,81,108,Legitimate User
197336556,20,80,274,Legitimate User
197347453,737,1968,11114,Legitimate User
198136015,158,209,568,Legitimate User
198196003,45,179,165,Legitimate User
198418075,222,338,4837,Legitimate User
198678682,254,170,5217,Legitimate User
199147059,9,37,30,Legitimate User
199597851,80,145,2894,Legitimate User
200293129,205,770,4140,Legitimate User
200482073,82,128,324,Legitimate User
201012406,219,383,5315,Legitimate User
202244649,193,879,593,Legitimate User
202555952,1377,693,18860,Legitimate User
203107523,193,117,1806,Legitimate User
204299339,45,289,1096,Legitimate User
204480603,286,1625,759,Legitimate User
206615715,1249,886,5311,Legitimate User
209128079,126,273,903,Legitimate User
209559462,14,38,360,Legitimate User
209733883,786,834,7227,Legitimate User
210459173,1084,899,19620,Legitimate User
210483287,102,219,595,Legitimate User
210514893,105,547,1215,Legitimate User
211487690,430,546,634,Legitimate User
211904475,1230,1428,2941,Legitimate User
212175167,336,787,3784,Legitimate User
212292079,12,66,185,Legitimate User
212724606,42,148,288,Legitimate User
212953427,58,256,440,Legitimate User
213061611,97,348,1799,Legitimate User
215216086,4878,5335,1200,Legitimate User
216361529,152,193,1336,Legitimate User
216790973,95,89,648,Legitimate User
217350735,77,178,225,Legitimate User
218071279,87,171,276,Legitimate User
218092490,37,660,892,Legitimate User
219346690,209,1163,4775,Legitimate User
219617010,111,528,446,Legitimate User
221173559,834,993,1580,Legitimate User
221690177,143,276,2541,Legitimate User
221742699,41,175,205,Legitimate User
223533298,75,290,982,Legitimate User
223840972,86,185,630,Legitimate User
225045616,99,163,512,Legitimate User
225323618,313,646,6566,Legitimate User
226197498,1119,1529,16432,Legitimate User
226964193,260,350,16490,Legitimate User
227817668,11,93,26,Legitimate User
228056042,161,195,9317,Legitimate User
228306355,68,267,891,Legitimate User
228708687,107,98,1325,Legitimate User
229298733,193,320,2186,Legitimate User
229758375,62,157,1924,Legitimate User
231058132,27,54,189,Legitimate User
231377654,378,662,3316,Legitimate User
232560751,2436,1978,10677,Legitimate User
233245609,79,360,1080,Legitimate User
233287464,129,340,1828,Legitimate User
234715592,29,105,798,Legitimate User
235303172,68,122,642,Legitimate User
237747438,101,229,2818,Legitimate User
238107344,105,230,1260,Legitimate User
240346934,132,892,4279,Legitimate User
242064566,166,417,49,Legitimate User
242123621,72,112,362,Legitimate User
242301103,396,962,3427,Legitimate User
242319331,24,137,52,Legitimate User
242341704,1057,1433,24423,Legitimate User
243891976,257,1462,1670,Legitimate User
244625605,80,346,1206,Legitimate User
245306807,150,137,2161,Legitimate User
245430145,148,488,518,Legitimate User
245953131,66,662,1379,Legitimate User
245970658,269,253,3332,Legitimate User
246208736,111,163,4235,Legitimate User
246886628,75,160,1075,Legitimate User
249122012,35,316,438,Legitimate User
249692862,14,50,103,Legitimate User
250171190,597,1994,2053,Legitimate User
250842076,48,123,639,Legitimate User
250851165,102,90,3863,Legitimate User
251313896,54,109,1573,Legitimate User
251500925,20,22,506,Legitimate User
252516822,118,275,1823,Legitimate User
252686122,39,74,1598,Legitimate User
253281330,68,143,768,Legitimate User
254558097,64,427,1350,Legitimate User
255656786,338,400,2386,Legitimate User
256598881,311,904,741,Legitimate User
256689270,47,73,217,Legitimate User
257399906,256,490,1550,Legitimate User
258762800,23,106,438,Legitimate User
259160079,94,361,2074,Legitimate User
259428725,65,235,1188,Legitimate User
259773527,136,222,2698,Legitimate User
259894552,70,255,1347,Legitimate User
259934562,141,599,1148,Legitimate User
260636096,156,516,3511,Legitimate User
260693820,172,370,3693,Legitimate User
261223538,658,701,9950,Legitimate User
262100774,516,801,15238,Legitimate User
262165317,19,53,195,Legitimate User
262199092,155,285,3053,Legitimate User
262235136,141,249,1086,Legitimate User
262328083,70,202,977,Legitimate User
262898875,289,201,2846,Legitimate User
263278290,66,236,948,Legitimate User
264333523,191,778,3134,Legitimate User
264801154,189,313,2171,Legitimate User
265419912,230,273,1583,Legitimate User
265529493,40,56,69,Legitimate User
268773741,88,281,2177,Legitimate User
269535022,778,1999,1848,Legitimate User
270472440,93,159,2230,Legitimate User
271032827,30,314,165,Legitimate User
272876921,937,1491,17681,Legitimate User
273686840,611,745,5845,Legitimate User
274536794,93,239,3144,Legitimate User
279139861,260,522,5544,Legitimate User
279147035,237,358,556,Legitimate User
279211405,757,263,660,Legitimate User
279461605,95,396,331,Legitimate User
279557700,158,413,4633,Legitimate User
279644158,1103,1999,13511,Legitimate User
282738890,33,523,4,Legitimate User
283521316,49,97,1420,Legitimate User
283906965,190,275,1277,Legitimate User
284481700,591,899,2692,Legitimate User
284657297,63,428,2882,Legitimate User
285724171,90,137,2500,Legitimate User
286790717,49,79,847,Legitimate User
286798567,866,1524,19978,Legitimate User
287557719,38,71,668,Legitimate User
288148846,122,342,2388,Legitimate User
288798453,47,315,146,Legitimate User
289859824,184,204,4542,Legitimate User
290723075,560,661,22679,Legitimate User
290734286,104,190,6151,Legitimate User
291290779,78,209,576,Legitimate User
291314239,8,78,129,Legitimate User
291403211,353,582,8784,Legitimate User
292565648,93,287,2291,Legitimate User
292577710,17,72,145,Legitimate User
292912980,207,414,1029,Legitimate User
293394867,751,1953,16722,Legitimate User
295168932,319,1027,1406,Legitimate User
295788103,852,1409,18528,Legitimate User
295961505,82,92,1166,Legitimate User
296876973,384,1172,3266,Legitimate User
296999433,34,88,507,Legitimate User
298018338,143,213,1019,Legitimate User
298459779,203,441,1401,Legitimate User
298489056,97,255,203,Legitimate User
299837277,533,51,3866,Legitimate User
299837762,284,362,669,Legitimate User
300796010,396,1158,1128,Legitimate User
300838107,43,101,986,Legitimate User
302114763,139,176,638,Legitimate User
305386550,26,55,124,Legitimate User
305553835,13,28,108,Legitimate User
305551682,181,237,6532,Legitimate User
307790129,77,344,899,Legitimate User
308151060,262,685,1878,Legitimate User
308672071,348,491,8639,Legitimate User
309800578,77,200,842,Legitimate User
310250028,112,137,1911,Legitimate User
310401703,21,79,20,Legitimate User
310496499,383,1828,6652,Legitimate User
311394394,57,276,1587,Legitimate User
311505461,71,259,24,Legitimate User
314030119,95,255,1766,Legitimate User
314922007,30,46,77,Legitimate User
315436528,426,653,3119,Legitimate User
318661130,207,868,2642,Legitimate User
319054277,62,346,1780,Legitimate User
319091474,42,139,293,Legitimate User
320880780,62,388,853,Legitimate User
321266890,262,323,1843,Legitimate User
321281383,159,227,2222,Legitimate User
321425967,1158,550,1171,Legitimate User
322587980,40,248,178,Legitimate User
323379897,131,356,2069,Legitimate User
323809354,83,211,373,Legitimate User
323937090,78,272,2368,Legitimate User
324440293,76,396,825,Legitimate User
325551297,12,41,173,Legitimate User
326054560,138,429,530,Legitimate User
327397233,76,213,608,Legitimate User
327510902,39,180,266,Legitimate User
329008715,29,114,58,Legitimate User
329103684,106,242,1133,Legitimate User
330202919,17,96,154,Legitimate User
330327779,60,289,1225,Legitimate User
331312863,328,1435,998,Legitimate User
331875962,88,613,1280,Legitimate User
332389973,332,351,2391,Legitimate User
332699729,49,84,301,Legitimate User
335208230,59,165,3098,Legitimate User
335832794,177,323,1167,Legitimate User
335837698,54,153,250,Legitimate User
336406661,148,232,1681,Legitimate User
337161930,225,290,3717,Legitimate User
338284756,31,121,199,Legitimate User
339058002,30,58,402,Legitimate User
340346783,333,678,2453,Legitimate User
340364061,51,317,6595,Legitimate User
340396112,263,1627,219,Legitimate User
340951450,55,100,991,Legitimate User
341339579,138,181,2549,Legitimate User
343307517,24,99,344,Legitimate User
343473585,55,90,657,Legitimate User
344525772,124,186,2464,Legitimate User
346829273,113,578,812,Legitimate User
347274232,176,494,1142,Legitimate User
348430064,21,80,399,Legitimate User
348981732,121,23,144,Legitimate User
349204176,1594,1994,2437,Legitimate User
349626625,1001,614,6991,Legitimate User
349929809,66,125,1045,Legitimate User
350160058,237,237,862,Legitimate User
350244854,80,279,1181,Legitimate User
350791585,27,192,106,Legitimate User
351555225,895,1012,17158,Legitimate User
353011489,54,125,2517,Legitimate User
353768504,591,723,11092,Legitimate User
354796858,24,118,92,Legitimate User
354818247,28,77,635,Legitimate User
355600495,111,21,2417,Legitimate User
357129429,120,155,1121,Legitimate User
358733502,25,112,47,Legitimate User
359926634,30,84,1421,Legitimate User
360547500,1082,1225,8021,Legitimate User
361097511,797,925,18427,Legitimate User
361746019,47,122,253,Legitimate User
361784332,184,632,2032,Legitimate User
362993719,102,203,231,Legitimate User
363251033,178,648,2177,Legitimate User
363830865,196,329,2487,Legitimate User
364111442,85,401,248,Legitimate User
364277230,71,110,262,Legitimate User
364323869,199,297,992,Legitimate User
364776732,99,341,460,Legitimate User
364805437,67,162,1049,Legitimate User
364851614,124,643,2130,Legitimate User
365372541,501,528,3701,Legitimate User
365383515,86,95,3061,Legitimate User
365440652,42,79,41,Legitimate User
365622635,175,327,1396,Legitimate User
365665311,70,209,1784,Legitimate User
366116632,378,380,2317,Legitimate User
367240411,120,269,764,Legitimate User
368540321,21,45,72,Legitimate User
368579486,26,51,155,Legitimate User
369537903,639,355,4001,Legitimate User
370193929,30,407,410,Legitimate User
370625229,344,548,1448,Legitimate User
370850929,99,366,807,Legitimate User
373579998,31,139,411,Legitimate User
373947833,822,170,528,Legitimate User
374062715,41,140,184,Legitimate User
374488191,239,775,1066,Legitimate User
375209946,35,104,975,Legitimate User
376425777,92,110,585,Legitimate User
376677633,115,243,587,Legitimate User
376705770,222,389,1034,Legitimate User
377304816,3,56,142,Legitimate User
377389027,562,626,5804,Legitimate User
377914761,172,535,960,Legitimate User
378009515,26,99,18,Legitimate User
379114417,174,307,1747,Legitimate User
379260334,56,161,107,Legitimate User
380015773,256,457,1579,Legitimate User
380172348,211,388,2775,Legitimate User
380319760,448,1108,5351,Legitimate User
381030516,1781,1275,19775,Legitimate User
381666513,282,525,2697,Legitimate User
381950248,50,304,1049,Legitimate User
381960133,44,168,882,Legitimate User
382178634,130,335,939,Legitimate User
382271109,76,171,211,Legitimate User
383292062,125,300,222,Legitimate User
383387954,188,227,1066,Legitimate User
383825758,96,233,295,Legitimate User
384753006,108,497,444,Legitimate User
384932218,77,436,600,Legitimate User
385868840,836,1996,1613,Legitimate User
386034126,1419,337,1962,Legitimate User
386779723,161,700,358,Legitimate User
387718926,172,337,5206,Legitimate User
387971079,96,308,745,Legitimate User
388348486,308,816,2226,Legitimate User
388842116,670,967,8685,Legitimate User
389400082,164,351,868,Legitimate User
389652102,43,190,752,Legitimate User
389715862,63,157,549,Legitimate User
390428793,130,75,4212,Legitimate User
390730174,4,29,7,Legitimate User
390759955,198,126,3806,Legitimate User
390972554,38,101,1292,Legitimate User
391362651,13,31,140,Legitimate User
391526633,56,242,497,Legitimate User
391572279,20,94,88,Legitimate User
391614396,6,54,7,Legitimate User
391924068,57,266,926,Legitimate User
392210280,55,256,1781,Legitimate User
392247237,25,131,133,Legitimate User
392676979,130,140,1112,Legitimate User
393628023,75,384,1945,Legitimate User
393980520,119,147,120,Legitimate User
394004577,200,229,3029,Legitimate User
394007331,23,212,956,Legitimate User
394217175,61,143,205,Legitimate User
394233142,320,384,4333,Legitimate User
394628127,105,357,629,Legitimate User
394726610,45,29,3551,Legitimate User
394814291,423,757,4557,Legitimate User
395014721,129,278,651,Legitimate User
396173375,7,87,1183,Legitimate User
396462550,53,236,648,Legitimate User
396515695,93,308,708,Legitimate User
396618509,79,286,263,Legitimate User
396625283,73,222,680,Legitimate User
396796142,17,242,250,Legitimate User
396898731,264,731,4245,Legitimate User
396900261,211,172,16601,Legitimate User
397236414,2,35,66,Legitimate User
397320325,213,623,3044,Legitimate User
397324373,144,302,1552,Legitimate User
397534181,106,168,506,Legitimate User
397629967,20,194,245,Legitimate User
398090733,14,141,246,Legitimate User
398442529,20,88,119,Legitimate User
399484359,67,232,21,Legitimate User
399572723,126,139,128,Legitimate User
400300086,298,302,1313,Legitimate User
400546232,33,134,335,Legitimate User
400748069,67,81,996,Legitimate User
401423776,118,204,744,Legitimate User
401502696,419,722,23682,Legitimate User
402866477,148,284,1575,Legitimate User
402955893,62,93,122,Legitimate User
402979897,32,126,134,Legitimate User
403461794,73,93,210,Legitimate User
403766373,96,114,4388,Legitimate User
404069171,183,495,1451,Legitimate User
404987270,92,220,1012,Legitimate User
405035087,138,158,3177,Legitimate User
405140479,75,86,143,Legitimate User
405418046,333,349,10272,Legitimate User
405574548,389,909,3506,Legitimate User
406165467,184,475,1087,Legitimate User
406162937,215,681,6357,Legitimate User
406907214,2352,469,6464,Legitimate User
406962616,80,259,2200,Legitimate User
407024811,62,127,479,Legitimate User
407101499,751,1474,4385,Legitimate User
407689676,187,172,1378,Legitimate User
407844335,66,241,319,Legitimate User
407964674,19,82,754,Legitimate User
408087080,145,159,259,Legitimate User
408348854,64,318,740,Legitimate User
408466988,46,86,360,Legitimate User
409118790,83,111,359,Legitimate User
410044683,583,997,3062,Legitimate User
410719897,45,89,751,Legitimate User
410941537,349,337,9802,Legitimate User
411386883,27,148,176,Legitimate User
411410885,131,85,612,Legitimate User
412112516,425,1320,5165,Legitimate User
412145728,129,325,276,Legitimate User
412240393,129,509,1127,Legitimate User
412325725,26,58,220,Legitimate User
412601262,94,195,1027,Legitimate User
413233876,44,169,2994,Legitimate User
413255529,192,195,2691,Legitimate User
413269532,110,240,1748,Legitimate User
413296140,358,1504,2460,Legitimate User
413332388,358,265,16961,Legitimate User
413917055,310,351,2119,Legitimate User
414966228,161,403,4504,Legitimate User
415021649,28,150,359,Legitimate User
415063303,57,197,590,Legitimate User
415073613,1402,1042,14170,Legitimate User
415630833,76,275,312,Legitimate User
415900150,87,302,922,Legitimate User
416157197,730,1059,9665,Legitimate User
416194495,474,389,19361,Legitimate User
416351352,349,507,8694,Legitimate User
416502198,53,356,393,Legitimate User
417190929,145,213,1425,Legitimate User
417280214,173,114,1178,Legitimate User
417735070,182,300,1010,Legitimate User
417770099,49,287,347,Legitimate User
417807946,22,59,17,Legitimate User
417833332,59,128,163,Legitimate User
418024172,64,133,430,Legitimate User
418046391,22,107,229,Legitimate User
418140622,137,150,1069,Legitimate User
418153325,27,94,1048,Legitimate User
418247241,65,141,128,Legitimate User
418584043,45,133,219,Legitimate User
418641071,50,192,55,Legitimate User
418762910,49,185,1013,Legitimate User
418986680,11,58,67,Legitimate User
419519797,43,164,121,Legitimate User
419617449,1302,995,13716,Legitimate User
419617600,104,300,1697,Legitimate User
419672622,45,141,1117,Legitimate User
420253558,32,29,199,Legitimate User
420995289,301,2001,15324,Legitimate User
421002902,459,486,3839,Legitimate User
421346603,39,218,859,Legitimate User
421847529,95,299,467,Legitimate User
422807985,33,99,1138,Legitimate User
422830732,12,67,35,Legitimate User
423021992,228,513,2571,Legitimate User
423613846,321,305,7739,Legitimate User
424265380,141,222,6662,Legitimate User
424273053,31,28,1503,Legitimate User
425223279,290,343,4840,Legitimate User
425263052,2925,2744,39107,Legitimate User
425380217,30425,162,9425,Legitimate User
425759519,24,65,409,Legitimate User
425840466,768,336,7760,Legitimate User
425908255,56,245,110,Legitimate User
426044579,362,342,2854,Legitimate User
426178907,325,474,5703,Legitimate User
426531620,35,120,54,Legitimate User
427676471,732,1970,239,Legitimate User
427674701,108,571,559,Legitimate User
428117425,437,1328,1236,Legitimate User
428202366,19,46,87,Legitimate User
428261162,341,454,2085,Legitimate User
428263137,656,241,6124,Legitimate User
428384851,78,170,141,Legitimate User
428904234,13,25,1479,Legitimate User
428981185,139,190,921,Legitimate User
429262110,27,270,63,Legitimate User
429718007,123,189,2036,Legitimate User
429808930,254,562,1621,Legitimate User
432377556,354,214,1549,Legitimate User
432624274,33,173,254,Legitimate User
433162117,346,356,19025,Legitimate User
433304048,41,163,449,Legitimate User
433319326,78,103,22,Legitimate User
433546930,178,404,7999,Legitimate User
433627975,6,76,59,Legitimate User
433984610,168,175,1157,Legitimate User
434460614,33,85,1455,Legitimate User
434591482,46,201,606,Legitimate User
434731905,39,74,561,Legitimate User
434826176,287,803,4725,Legitimate User
434832805,43,182,235,Legitimate User
435224000,37,206,145,Legitimate User
435269515,38,151,1013,Legitimate User
435327100,8,72,78,Legitimate User
435724709,85,152,2277,Legitimate User
436612105,193,362,511,Legitimate User
436807160,85,218,918,Legitimate User
436961762,83,189,819,Legitimate User
437007483,526,1449,797,Legitimate User
437363242,209,284,1792,Legitimate User
437456557,162,266,763,Legitimate User
437783167,35,130,241,Legitimate User
438437579,45,89,197,Legitimate User
438484498,137,137,1229,Legitimate User
438760662,79,222,674,Legitimate User
438756932,2,50,24,Legitimate User
439054192,699,454,2269,Legitimate User
439062828,962,1999,1162,Legitimate User
718684188,27,64,210,Legitimate User
478994018,50,108,237,Legitimate User
984297403,223,320,1064,Legitimate User
551056105,65,180,259,Legitimate User
439855752,5,93,230,Legitimate User
439875805,187,186,500,Legitimate User
479451474,53,128,1263,Legitimate User
439972535,40,147,574,Legitimate User
440184518,252,1532,748,Legitimate User
479677768,88,198,1190,Legitimate User
440311767,23,101,478,Legitimate User
479725767,155,376,3553,Legitimate User
722214212,17,17,475,Legitimate User
985509799,6,33,9,Legitimate User
551835101,20,126,120,Legitimate User
440691931,117,153,534,Legitimate User
551894180,57,150,297,Legitimate User
479832822,13,93,57,Legitimate User
986163288,284,278,2716,Legitimate User
440858782,48,153,371,Legitimate User
722825599,29,228,1771,Legitimate User
480279324,9,40,142,Legitimate User
552190256,136,182,1940,Legitimate User
441483457,50,115,1095,Legitimate User
986839782,109,932,191,Legitimate User
552577697,51,205,342,Legitimate User
552606214,381,821,1730,Legitimate User
987068240,190,795,3027,Legitimate User
442075220,87,117,1073,Legitimate User
725675244,209,480,576,Legitimate User
480715104,98,148,2488,Legitimate User
480790768,19,30,380,Legitimate User
726845964,39,286,385,Legitimate User
987656269,21,85,145,Legitimate User
553617306,570,576,3797,Legitimate User
481632109,50,152,26,Legitimate User
481648575,94,257,1058,Legitimate User
988985683,42,105,206,Legitimate User
444833485,106,203,622,Legitimate User
482086639,41,183,460,Legitimate User
554309481,397,666,5250,Legitimate User
482131412,28,127,456,Legitimate User
482157356,21,137,241,Legitimate User
482162835,88,87,1189,Legitimate User
731429204,35,139,565,Legitimate User
445345005,94,242,3177,Legitimate User
482242692,24,137,164,Legitimate User
989622720,12,38,112,Legitimate User
989639142,28,168,33,Legitimate User
445761780,180,168,2073,Legitimate User
446083368,111,118,558,Legitimate User
446143453,504,570,8966,Legitimate User
733154665,170,455,521,Legitimate User
482981498,13,129,123,Legitimate User
446590484,215,318,638,Legitimate User
734619301,46,47,216,Legitimate User
483073065,34,99,493,Legitimate User
446987691,33,97,395,Legitimate User
991254878,128,472,1424,Legitimate User
555420716,41,94,1178,Legitimate User
447241184,390,558,5687,Legitimate User
555906816,12,28,85,Legitimate User
483836463,55,221,285,Legitimate User
737616414,52,353,221,Legitimate User
484179231,79,381,127,Legitimate User
556794851,23,65,45,Legitimate User
484613799,39,113,752,Legitimate User
993583230,93,157,1308,Legitimate User
557215750,152,128,27,Legitimate User
449219266,69,57,1874,Legitimate User
485137549,57,170,486,Legitimate User
743284770,18,34,1065,Legitimate User
557616612,13,41,204,Legitimate User
450054622,42,210,136,Legitimate User
744107612,262,259,10749,Legitimate User
995452020,114,69,440,Legitimate User
485686619,71,165,148,Legitimate User
485713097,75,117,437,Legitimate User
450630648,1306,1281,331,Legitimate User
450747981,161,309,827,Legitimate User
450891761,103,182,1201,Legitimate User
486198118,16,121,88,Legitimate User
451033303,1531,1991,6378,Legitimate User
451370524,1031,1109,10320,Legitimate User
451397835,144,178,114,Legitimate User
486598436,99,239,273,Legitimate User
558524379,172,362,611,Legitimate User
451597109,10,74,150,Legitimate User
486966473,114,226,2370,Legitimate User
487416678,1470,162,2659,Legitimate User
750948720,147,283,6765,Legitimate User
751241954,0,109,293,Legitimate User
452814756,94,189,2959,Legitimate User
452828946,330,725,24901,Legitimate User
453238264,1812,1846,20023,Legitimate User
487969309,323,261,1683,Legitimate User
753397160,50,209,810,Legitimate User
560223770,44,81,1028,Legitimate User
1000486495,7,31,19,Legitimate User
560271082,52,233,433,Legitimate User
453885595,205,397,1539,Legitimate User
488706826,259,824,2338,Legitimate User
755737819,114,162,939,Legitimate User
454200724,121,203,3608,Legitimate User
1001875776,56,217,463,Legitimate User
454318003,160,167,4447,Legitimate User
560657748,96,1027,279,Legitimate User
454914980,10,23,145,Legitimate User
1002533372,13,59,59,Legitimate User
489345934,129,396,895,Legitimate User
1003664215,34,109,174,Legitimate User
455266133,295,499,741,Legitimate User
455340385,98,1441,1581,Legitimate User
455651875,66,358,2782,Legitimate User
455775628,1503,1998,16343,Legitimate User
455979285,41,237,107,Legitimate User
761723172,29,142,612,Legitimate User
762202957,17,244,352,Legitimate User
1004883073,227,271,1022,Legitimate User
562125685,21,45,333,Legitimate User
562250174,799,728,13035,Legitimate User
1006095223,406,495,5235,Legitimate User
456823762,898,1908,249,Legitimate User
490625409,31,51,39,Legitimate User
765311754,299,435,1293,Legitimate User
457775543,39,72,433,Legitimate User
491690867,193,936,4061,Legitimate User
492177690,3,22,85,Legitimate User
564653953,670,1340,1173,Legitimate User
770176435,112,121,3411,Legitimate User
492501987,43,210,456,Legitimate User
564963576,100,138,166,Legitimate User
459628045,126,602,942,Legitimate User
459646843,100,378,563,Legitimate User
459678083,91,205,1010,Legitimate User
459680754,144,227,1322,Legitimate User
1009413198,119,280,3103,Legitimate User
1010619756,58,322,97,Legitimate User
566141260,38,114,98,Legitimate User
460985875,180,785,479,Legitimate User
493847017,147,309,801,Legitimate User
461010838,67,94,3046,Legitimate User
566374197,29,102,175,Legitimate User
493941903,32,62,655,Legitimate User
494006512,45,52,1095,Legitimate User
1011395167,345,230,1014,Legitimate User
461425627,195,659,2471,Legitimate User
494262961,227,627,3627,Legitimate User
494266249,61,160,1544,Legitimate User
567056353,93,228,1583,Legitimate User
567155716,152,188,591,Legitimate User
567510788,93,360,2168,Legitimate User
495045945,171,373,1052,Legitimate User
495053365,181,173,559,Legitimate User
495077879,123,148,2943,Legitimate User
462889040,137,524,5091,Legitimate User
568453926,88,70,2735,Legitimate User
462971394,13,167,255,Legitimate User
568473793,58,253,168,Legitimate User
495507361,14,27,22,Legitimate User
495731957,19,51,887,Legitimate User
568955495,32,112,289,Legitimate User
463246965,79,364,606,Legitimate User
1014830304,107,99,386,Legitimate User
496144150,98,245,538,Legitimate User
463889910,25,31,315,Legitimate User
496295496,46,288,729,Legitimate User
569879248,18,100,575,Legitimate User
496588802,281,599,7902,Legitimate User
1015888195,8,43,575,Legitimate User
496968634,81,253,1298,Legitimate User
464790896,150,179,1402,Legitimate User
497125259,39,63,80,Legitimate User
464858061,145,269,4359,Legitimate User
497258691,22,69,80,Legitimate User
497302053,92,540,1148,Legitimate User
465298629,269,992,1464,Legitimate User
1017813961,76,274,665,Legitimate User
465431316,74,166,1669,Legitimate User
465433625,76,179,162,Legitimate User
571938412,72,200,322,Legitimate User
498042431,35,76,100,Legitimate User
498054058,15,90,919,Legitimate User
787115406,1000,1842,8382,Legitimate User
498358491,13,41,169,Legitimate User
466489818,243,904,863,Legitimate User
466686655,58,207,83,Legitimate User
498814013,277,403,958,Legitimate User
466712165,541,276,7739,Legitimate User
498826553,55,129,1387,Legitimate User
466756548,35,105,500,Legitimate User
1020696912,32,145,229,Legitimate User
498935613,11,49,7,Legitimate User
1022226144,28,97,1788,Legitimate User
573690882,21,118,429,Legitimate User
573749510,2,6,14,Legitimate User
791874462,5,12,468,Legitimate User
792462121,45,173,155,Legitimate User
792517914,734,808,4904,Legitimate User
468198674,120,301,3340,Legitimate User
499996521,150,95,5436,Legitimate User
574385968,84,402,211,Legitimate User
500246041,199,188,2538,Legitimate User
794406714,63,187,768,Legitimate User
574488060,125,235,968,Legitimate User
794598979,23,55,456,Legitimate User
795590899,67,555,9,Legitimate User
796144921,3,18,152,Legitimate User
501094162,41,45,1343,Legitimate User
501128285,314,659,1048,Legitimate User
469580096,43,77,713,Legitimate User
797833478,31,207,16,Legitimate User
470227974,115,206,1041,Legitimate User
470232795,1859,1856,20686,Legitimate User
470254611,169,322,4178,Legitimate User
470379248,300,1019,1277,Legitimate User
502037826,46,109,573,Legitimate User
800130746,10,22,90,Legitimate User
800457696,25,160,102,Legitimate User
502315142,651,912,3280,Legitimate User
470868745,12,41,190,Legitimate User
502774039,22,38,147,Legitimate User
1030992019,246,408,5109,Legitimate User
1031110604,423,391,561,Legitimate User
503051163,6,104,140,Legitimate User
471093612,2059,371,6948,Legitimate User
801510450,237,816,726,Legitimate User
471203497,48,164,2228,Legitimate User
1032386005,40,152,186,Legitimate User
503425054,1193,1987,3209,Legitimate User
577422947,276,448,489,Legitimate User
1033055161,34,105,989,Legitimate User
471422290,198,171,140,Legitimate User
471533963,287,671,6720,Legitimate User
471826933,139,235,325,Legitimate User
471992869,646,646,9282,Legitimate User
578916985,31,95,68,Legitimate User
472765052,248,707,709,Legitimate User
472778739,437,606,6469,Legitimate User
473043012,70,161,1223,Legitimate User
506055335,93,161,6181,Legitimate User
1037103888,1,69,42,Legitimate User
1037178583,37,108,133,Legitimate User
1037384052,39,41,500,Legitimate User
506501965,64,157,281,Legitimate User
581136968,54,112,174,Legitimate User
474043803,77,229,985,Legitimate User
581407038,49,186,688,Legitimate User
507498746,117,295,1088,Legitimate User
1038384050,32,110,364,Legitimate User
1039093681,24,150,465,Legitimate User
813467726,253,608,1302,Legitimate User
582954523,60,168,109,Legitimate User
509056809,105,480,794,Legitimate User
583205235,30,127,130,Legitimate User
509320296,40,114,226,Legitimate User
510047880,1798,1876,1923,Legitimate User
1041823142,21,18,579,Legitimate User
1042842432,471,759,7074,Legitimate User
476760491,74,122,409,Legitimate User
476800666,99,715,877,Legitimate User
585439502,298,399,1601,Legitimate User
477006767,35,89,540,Legitimate User
1044916752,31,99,632,Legitimate User
512362882,15,71,118,Legitimate User
477309080,149,121,844,Legitimate User
585849333,12,111,65,Legitimate User
477552640,27,128,242,Legitimate User
512455607,34,194,1912,Legitimate User
585968039,1192,1088,14010,Legitimate User
477660093,22,119,98,Legitimate User
477824021,64,94,340,Legitimate User
1047668299,28,88,30,Legitimate User
586584556,34,133,83,Legitimate User
825336607,1110,991,705,Legitimate User
513726022,481,745,2179,Legitimate User
587326472,38,101,1634,Legitimate User
587515464,36,204,700,Legitimate User
587569514,61,227,676,Legitimate User
1050665527,4,42,20,Legitimate User
827287514,54,210,215,Legitimate User
587665339,142,203,1958,Legitimate User
1052685680,204,610,188,Legitimate User
829400054,1780,1697,4170,Legitimate User
515271142,70,121,1529,Legitimate User
831741072,92,627,462,Legitimate User
516038414,410,516,16776,Legitimate User
834186096,253,181,5339,Legitimate User
516737722,29,31,320,Legitimate User
516811154,45,167,106,Legitimate User
835249056,19,52,103,Legitimate User
835763546,6,80,85,Legitimate User
517073805,60,284,166,Legitimate User
517400735,893,2000,4855,Legitimate User
1058497004,51,177,22,Legitimate User
517883021,271,280,6573,Legitimate User
838292834,50,195,550,Legitimate User
591104103,54,93,619,Legitimate User
1059054242,26,159,486,Legitimate User
841859053,30,56,169,Legitimate User
592579646,93,172,1127,Legitimate User
1062916164,190,164,5025,Legitimate User
593546714,92,97,1726,Legitimate User
845102904,312,1200,1587,Legitimate User
1064278820,20,142,37,Legitimate User
1064992789,21,116,419,Legitimate User
594583577,44,102,360,Legitimate User
594651076,50,67,778,Legitimate User
594683175,129,156,1153,Legitimate User
848909828,20,37,74,Legitimate User
522925470,180,637,2551,Legitimate User
1065760964,705,1249,1568,Legitimate User
594960544,82,371,919,Legitimate User
523331583,10116,246,3412,Legitimate User
523680032,175,149,325,Legitimate User
595539789,546,646,9717,Legitimate User
851233315,404,1015,1367,Legitimate User
524820621,39,124,682,Legitimate User
524836438,63,83,2576,Legitimate User
852611210,241,663,1288,Legitimate User
596540298,7,18,73,Legitimate User
1069178154,1498,1478,4898,Legitimate User
597381176,104,369,113,Legitimate User
526482947,490,567,2492,Legitimate User
855282331,160,292,2711,Legitimate User
1070376564,422,463,1105,Legitimate User
1070682204,23,85,228,Legitimate User
856270100,3,10,106,Legitimate User
1071137462,62,414,56,Legitimate User
857857747,430,503,6016,Legitimate User
1072217274,314,278,247,Legitimate User
858190442,69,143,370,Legitimate User
528501469,56,533,68,Legitimate User
858836726,47,87,114,Legitimate User
599343100,50,341,1396,Legitimate User
1074439423,19,120,154,Legitimate User
599940695,1945,195,5507,Legitimate User
600090702,1113,1304,4112,Legitimate User
529563591,24,83,120,Legitimate User
529711103,104,187,421,Legitimate User
862068776,52,201,116,Legitimate User
862114981,164,522,389,Legitimate User
531280420,181,279,1033,Legitimate User
601192738,112,359,574,Legitimate User
863369492,67,440,683,Legitimate User
601256893,17,90,897,Legitimate User
531442979,80,169,1219,Legitimate User
531640494,195,335,87,Legitimate User
601810260,127,266,862,Legitimate User
602182097,29,100,1393,Legitimate User
602212821,90,176,292,Legitimate User
1081092084,6,48,29,Legitimate User
533130509,1617,1993,32109,Legitimate User
1082746016,9,22,31,Legitimate User
1082796816,13,36,465,Legitimate User
533552597,285,512,11258,Legitimate User
1084115989,101,133,185,Legitimate User
603836322,41,105,296,Legitimate User
868645789,71,322,609,Legitimate User
868757713,564,705,7122,Legitimate User
868906542,188,725,2069,Legitimate User
535140940,717,1092,1242,Legitimate User
869587356,69,220,790,Legitimate User
535333357,381,1428,1906,Legitimate User
870391651,132,50,165,Legitimate User
1087095313,50,266,171,Legitimate User
605296679,48,157,178,Legitimate User
1089293960,546,1224,503,Legitimate User
1089449275,28,126,54,Legitimate User
1090138922,88,229,103,Legitimate User
1091884188,12,66,48,Legitimate User
875972814,0,35,17,Legitimate User
538287562,16,55,1651,Legitimate User
876501625,766,776,6897,Legitimate User
608022298,78,142,967,Legitimate User
877925696,466,911,812,Legitimate User
878747629,50,144,1391,Legitimate User
1095958825,153,36,45,Legitimate User
1096575422,54,109,621,Legitimate User
880855315,87,222,1112,Legitimate User
609496197,32,143,1371,Legitimate User
882148280,98,770,440,Legitimate User
540803768,195,554,745,Legitimate User
1099363334,32,68,789,Legitimate User
610747900,10,58,62,Legitimate User
610861270,26,91,189,Legitimate User
610896066,158,628,2227,Legitimate User
885222252,166,1440,1124,Legitimate User
611783684,67,319,323,Legitimate User
542151024,109,327,2414,Legitimate User
612645350,49,91,439,Legitimate User
613523546,21,90,147,Legitimate User
889616856,173,412,672,Legitimate User
613553896,110,190,1680,Legitimate User
543842787,15,84,45,Legitimate User
1105975490,8,80,18,Legitimate User
544470195,319,298,4198,Legitimate User
545269203,33,96,51,Legitimate User
545291748,12,106,21,Legitimate User
546039069,171,371,4900,Legitimate User
546367438,71,280,762,Legitimate User
546885822,37,96,298,Legitimate User
1111771471,76,198,190,Legitimate User
547141135,65,115,1138,Legitimate User
618038687,68,84,1373,Legitimate User
547477084,93,185,825,Legitimate User
900040604,859,280,571,Legitimate User
618382051,35,332,948,Legitimate User
547680256,915,638,19396,Legitimate User
547811916,147,296,882,Legitimate User
548605379,86,161,376,Legitimate User
548727018,386,736,7076,Legitimate User
1116460440,71,107,1315,Legitimate User
620243872,694,886,3203,Legitimate User
1119028134,47,188,276,Legitimate User
621741580,444,329,18470,Legitimate User
621971039,230,174,106,Legitimate User
622239105,175,1187,121,Legitimate User
908843828,18,65,360,Legitimate User
1124327604,10,32,151,Legitimate User
624420623,108,250,1473,Legitimate User
624543149,30,301,209,Legitimate User
1127430120,76,171,343,Legitimate User
913455692,117,106,243,Legitimate User
914725128,28,200,260,Legitimate User
1129520276,8,35,10,Legitimate User
915739543,31,89,1074,Legitimate User
1130868744,72,123,34,Legitimate User
1130960574,82,228,511,Legitimate User
917243564,26,115,132,Legitimate User
1132376958,11,75,104,Legitimate User
918001130,9,93,84,Legitimate User
1133943835,32,71,133,Legitimate User
627845498,208,267,12046,Legitimate User
918993840,26,58,736,Legitimate User
628453024,473,1391,2065,Legitimate User
920600658,178,901,5036,Legitimate User
1137300811,34,97,134,Legitimate User
629661106,79,321,131,Legitimate User
631128691,52,154,1693,Legitimate User
631876055,640,1448,1688,Legitimate User
632045063,17,50,172,Legitimate User
924714103,14,36,1008,Legitimate User
632296235,133,272,2236,Legitimate User
632419314,139,962,101,Legitimate User
632742781,3335,3313,42715,Legitimate User
632805096,2,32,44,Legitimate User
633105430,101,299,693,Legitimate User
928712431,18,106,650,Legitimate User
1151295038,14,123,95,Legitimate User
636107261,57,207,78,Legitimate User
930035833,874,797,4444,Legitimate User
932445193,150,341,419,Legitimate User
702445104,151,237,4759,Legitimate User
702727668,1068,880,11910,Legitimate User
934466887,39,165,236,Legitimate User
934949900,111,198,186,Legitimate User
936597188,51,176,349,Legitimate User
705736374,18,60,232,Legitimate User
936902059,124,237,767,Legitimate User
706819428,5331,285,2768,Legitimate User
707526853,177,205,6752,Legitimate User
708429391,162,97,2213,Legitimate User
938838264,17,49,36,Legitimate User
939438061,8,23,26,Legitimate User
939617401,37,260,854,Legitimate User
711216631,41,232,436,Legitimate User
714240744,56,96,260,Legitimate User
1168487113,30,161,80,Legitimate User
716206832,137,390,646,Legitimate User
944648335,26,51,96,Legitimate User
944979661,16,67,36,Legitimate User
947255689,9,40,16,Legitimate User
1174404932,5,87,35,Legitimate User
1179541274,10,22,38,Legitimate User
951290342,22,106,70,Legitimate User
951523590,83,425,377,Legitimate User
952055166,23,57,392,Legitimate User
953315216,77,306,986,Legitimate User
1187572176,13,68,191,Legitimate User
1188730825,8,21,9,Legitimate User
955497098,11,24,343,Legitimate User
1189056510,17,92,15,Legitimate User
955806343,179,284,294,Legitimate User
1193292998,10,50,34,Legitimate User
958530558,189,164,1102,Legitimate User
961125284,37,135,96,Legitimate User
962847698,10,63,242,Legitimate User
1204191037,57,53,293,Legitimate User
1204535834,18,40,244,Legitimate User
964996225,394,498,2312,Legitimate User
1205795042,474,446,3439,Legitimate User
1205923694,129,335,392,Legitimate User
968446106,25,91,208,Legitimate User
970505658,32,55,44,Legitimate User
971576125,120,100,509,Legitimate User
1216631100,16,124,10,Legitimate User
1219155151,19,50,14,Legitimate User
1219247983,8,42,10,Legitimate User
1219743308,16,75,79,Legitimate User
974171288,83,249,685,Legitimate User
974190704,68,122,603,Legitimate User
974558708,28,208,324,Legitimate User
976068038,50,76,259,Legitimate User
976844444,1061,1653,591,Legitimate User
977265403,274,253,109,Legitimate User
981556177,8,91,53,Legitimate User
15350901,625,580,4728,Legitimate User
407818010,963,561,1585,Legitimate User
422226730,1245,1242,25661,Legitimate User
425138781,1289,885,6514,Legitimate User
120720544,6403,5835,15795,Legitimate User
187536784,5109,63,12826,Legitimate User
197602470,258,342,1365,Legitimate User
207070244,1382,1006,49836,Legitimate User
216522413,4573,831,19172,Legitimate User
259680844,46,107,194,Legitimate User
301919327,308,310,5385,Legitimate User
517625408,105,48,138,Legitimate User
327900613,111437,4071,8910,Legitimate User
522582939,2800,2406,78338,Legitimate User
541037205,61,78,428,Legitimate User
549083012,354,279,1166,Legitimate User
558489220,2404,305,17986,Legitimate User
563022345,1533,996,18600,Legitimate User
604758810,53,77,1135,Legitimate User
835342567,3951,4120,473,Legitimate User
1092912044,212,242,532,Legitimate User
1126202310,27,51,140,Legitimate User
9011502,842,38,2423,Legitimate User
52491055,415,382,12197,Legitimate User
55532545,521,487,4375,Legitimate User
16043064,202,133,36911,Legitimate User
20308222,232,182,3329,Legitimate User
33747826,11,16,70,Legitimate User
45314390,61,173,1901,Legitimate User
48665791,373,874,14835,Legitimate User
52108988,314,148,10954,Legitimate User
56697655,76,156,2146,Legitimate User
83811813,280,536,4166,Legitimate User
91866745,1057,280,27096,Legitimate User
111628975,121,256,4625,Legitimate User
114849265,362,233,10043,Legitimate User
154588620,715,792,22534,Legitimate User
162092995,47,123,951,Legitimate User
168791182,183,132,3847,Legitimate User
177299735,495,413,22257,Legitimate User
179588209,16,67,115,Legitimate User
190383002,310,341,1291,Legitimate User
197400952,21,50,266,Legitimate User
217533156,344,428,1502,Legitimate User
222579656,154,198,7654,Legitimate User
233959454,445,618,3074,Legitimate User
248292381,6,30,23,Legitimate User
252688673,170,256,5285,Legitimate User
255559955,280,149,309,Legitimate User
278618602,165,175,2481,Legitimate User
295578583,174,69,1346,Legitimate User
297012777,105,42,3190,Legitimate User
305187907,130,154,4042,Legitimate User
318949971,54,72,392,Legitimate User
320669433,295,49,18611,Legitimate User
322051701,40,202,367,Legitimate User
327840186,70,92,457,Legitimate User
328706026,473,373,8613,Legitimate User
333960904,107,258,2740,Legitimate User
337321477,293,1527,42,Legitimate User
372460791,2194,1558,42290,Legitimate User
382247829,90,135,849,Legitimate User
418633045,82,174,299,Legitimate User
425241854,17,36,114,Legitimate User
453285193,153,221,5035,Legitimate User
469128515,51,38,664,Legitimate User
490480487,371,300,865,Legitimate User
514338061,42,40,524,Legitimate User
521131145,57,83,492,Legitimate User
529342153,13,23,160,Legitimate User
546314660,1206,1650,4681,Legitimate User
604518391,15,44,25,Legitimate User
630544784,973,530,27327,Legitimate User
755461062,18,18,42,Legitimate User
755745950,94,107,1487,Legitimate User
806660965,95,200,285,Legitimate User
809654154,24,63,34,Legitimate User
810793700,1361,142,9139,Legitimate User
903721722,37,66,69,Legitimate User
922305175,2,20,423,Legitimate User
925532102,4,20,597,Legitimate User
929410398,21,19,59,Legitimate User
961773920,6,11,17,Legitimate User
1021876490,47,43,62,Legitimate User
1096419414,4,0,10,Legitimate User
1125217129,33,197,323,Legitimate User
1127280169,208,124,49,Legitimate User
1156344000,22,55,66,Legitimate User
1169114810,0,4,4,Legitimate User
1212975186,2,4,3,Legitimate User
1213937306,351,341,2568,Legitimate User
24503,5055,1466,4340,Legitimate User
22903,132,194,164,Legitimate User
382393,1154,832,1070,Legitimate User
286543,930,535,6892,Legitimate User
438023,173,444,2885,Legitimate User
586003,97,234,216,Legitimate User
628563,154,314,505,Legitimate User
769985,1100,975,1897,Legitimate User
2007021,2254,2196,3052,Legitimate User
2731681,31,55,313,Legitimate User
3909541,637,1853,2737,Legitimate User
5863152,2842,1903,3951,Legitimate User
6082972,1335,727,3387,Legitimate User
6175692,13,67,60,Legitimate User
6196392,101,108,1163,Legitimate User
6618042,34,182,177,Legitimate User
6677972,335,1956,2201,Legitimate User
7246122,364,373,1791,Legitimate User
7527052,68,76,3702,Legitimate User
7773732,3566,803,9623,Legitimate User
8029522,337,405,2745,Legitimate User
9664862,89,126,227,Legitimate User
12179872,4560,4307,19122,Legitimate User
12551742,3300,311,7734,Legitimate User
12700622,138,263,1461,Legitimate User
12765892,15,56,32,Legitimate User
14321616,463,528,1689,Legitimate User
14443340,1476,1069,20366,Legitimate User
14561441,100,186,894,Legitimate User
15455450,78,203,28,Legitimate User
15453624,111,160,425,Legitimate User
15622858,34,112,442,Legitimate User
15788159,349,823,8618,Legitimate User
15922136,626,676,42218,Legitimate User
16002194,1405,197,1836,Legitimate User
16183526,139,401,588,Legitimate User
16270293,86,152,357,Legitimate User
16303802,62,396,422,Legitimate User
16649518,43,110,84,Legitimate User
17085112,152,68,4528,Legitimate User
17283453,481,249,2185,Legitimate User
17421795,128,138,3063,Legitimate User
17426567,350,1000,1513,Legitimate User
17844234,106,416,4883,Legitimate User
17992531,60,66,175,Legitimate User
18721974,203,664,2131,Legitimate User
18874774,70,72,5352,Legitimate User
19706832,735,461,1813,Legitimate User
19701419,482,555,3941,Legitimate User
19973780,92,111,1430,Legitimate User
20303000,176,383,1526,Legitimate User
20542869,76,315,563,Legitimate User
20681942,561,892,2488,Legitimate User
21133252,90,396,116,Legitimate User
22015162,132,313,2885,Legitimate User
22521283,4371,1182,22346,Legitimate User
22598920,26237,23813,11933,Legitimate User
22596491,53,120,210,Legitimate User
22624920,1699,1771,47177,Legitimate User
22710614,0,2,14,Legitimate User
22752192,18,97,177,Legitimate User
22970058,2097,2039,37936,Legitimate User
23770754,26,35,10,Legitimate User
24176877,1538,1059,4551,Legitimate User
25046383,168,205,700,Legitimate User
25484842,301,837,1158,Legitimate User
26261259,24,60,187,Legitimate User
27315878,410,1324,1517,Legitimate User
29742445,331,570,2083,Legitimate User
31135311,53,136,177,Legitimate User
31379656,45,200,2035,Legitimate User
33516491,68,264,1018,Legitimate User
33679344,87,282,2979,Legitimate User
34580222,103,203,2206,Legitimate User
36286962,893,256,2402,Legitimate User
37186955,50,87,554,Legitimate User
37204587,127,192,2848,Legitimate User
39201963,507,562,8995,Legitimate User
40337017,627,1036,1104,Legitimate User
43775439,212,152,9096,Legitimate User
44358439,15,36,373,Legitimate User
44604091,126,102,783,Legitimate User
45110939,66,249,56,Legitimate User
45399578,26,281,104,Legitimate User
45562154,45,94,216,Legitimate User
45603460,11,23,17,Legitimate User
47588692,1510,1058,24602,Legitimate User
47610275,36,115,101,Legitimate User
47708690,197,859,711,Legitimate User
49683347,2,4,5,Legitimate User
49726434,150,231,136,Legitimate User
49951518,67,159,638,Legitimate User
49961511,20,76,136,Legitimate User
50594775,90,338,133,Legitimate User
50606585,442,523,14527,Legitimate User
50650272,95,133,270,Legitimate User
51065893,75,281,1308,Legitimate User
51169895,675,373,3994,Legitimate User
51484684,143,371,2074,Legitimate User
52140322,59,211,31,Legitimate User
53400463,485,802,803,Legitimate User
56336047,231,365,1929,Legitimate User
57573169,3398,1905,6038,Legitimate User
58017998,22,237,532,Legitimate User
58436154,36,82,92,Legitimate User
60340425,14,28,196,Legitimate User
60490488,1735,900,1364,Legitimate User
63501503,29,95,96,Legitimate User
65402914,218,569,1070,Legitimate User
67253599,294,383,3178,Legitimate User
67887304,379,1565,1119,Legitimate User
68123840,29,32,51,Legitimate User
68800287,36,201,32,Legitimate User
68940614,32,134,424,Legitimate User
69575984,71,215,71,Legitimate User
70228722,70,130,399,Legitimate User
74861616,127,373,316,Legitimate User
76612795,50,67,250,Legitimate User
78845364,117,138,1116,Legitimate User
82062642,75,171,142,Legitimate User
82118682,19,39,88,Legitimate User
84361482,181,174,6581,Legitimate User
84543942,45,65,40,Legitimate User
84838434,244,395,7014,Legitimate User
85850428,5,59,7,Legitimate User
86538176,463,685,3298,Legitimate User
86626503,346,1375,704,Legitimate User
86999643,29,76,175,Legitimate User
87029466,2,11,4,Legitimate User
90436636,633,1189,13260,Legitimate User
91696007,269,622,1378,Legitimate User
93378883,4229,3388,62908,Legitimate User
96114847,1,7,4,Legitimate User
96146127,61,23,1034,Legitimate User
96360063,224,212,4265,Legitimate User
96450599,572,466,2872,Legitimate User
96454595,45,81,531,Legitimate User
96727791,19,68,434,Legitimate User
96737211,61,189,168,Legitimate User
98127075,58,266,521,Legitimate User
103087081,52,137,376,Legitimate User
105768989,374,165,933,Legitimate User
107193314,207,246,3199,Legitimate User
107471115,1275,215,3962,Legitimate User
107991930,56,96,125,Legitimate User
108051742,34,30,173,Legitimate User
109651861,390,837,6169,Legitimate User
109848907,108,363,834,Legitimate User
110177863,272,664,1632,Legitimate User
111054613,88,160,264,Legitimate User
112232553,11,42,35,Legitimate User
112419862,464,718,2131,Legitimate User
112986371,128,389,5157,Legitimate User
113134931,11,15,8,Legitimate User
113971060,8,37,387,Legitimate User
114726248,188,673,1368,Legitimate User
118241739,21,52,16,Legitimate User
118667244,196,471,1215,Legitimate User
121045001,240,427,1720,Legitimate User
122111595,1723,429,1363,Legitimate User
125622122,237,394,1083,Legitimate User
125796953,386,306,4440,Legitimate User
126065059,97,118,144,Legitimate User
126611558,1646,1454,12332,Legitimate User
128857854,523,819,4144,Legitimate User
129176007,25,213,134,Legitimate User
129515952,450,1142,7018,Legitimate User
131197741,3219,957,11821,Legitimate User
131202911,55,226,7,Legitimate User
131559802,425,403,11177,Legitimate User
131636321,63,171,730,Legitimate User
132569641,9,59,3,Legitimate User
136368506,10,39,28,Legitimate User
139321563,73,126,844,Legitimate User
140527863,601,1583,826,Legitimate User
142239909,17,77,164,Legitimate User
144226252,165,276,2957,Legitimate User
145422178,32,133,407,Legitimate User
146215776,1499,313,48363,Legitimate User
149248959,831,1001,10442,Legitimate User
151607467,154,256,351,Legitimate User
152905850,653,691,7139,Legitimate User
154197349,32,82,1148,Legitimate User
154477852,93,263,353,Legitimate User
154547583,488,1095,1433,Legitimate User
156039467,298,861,2641,Legitimate User
157042531,14271,376,49672,Legitimate User
157604170,150,391,901,Legitimate User
160557792,28,53,1436,Legitimate User
163075114,992,1190,2402,Legitimate User
163479707,406,244,3639,Legitimate User
167823878,285,257,1772,Legitimate User
171640056,338,700,5969,Legitimate User
171971541,10,16,4,Legitimate User
173411197,98,375,390,Legitimate User
174354016,48,354,58,Legitimate User
180573776,70,258,5747,Legitimate User
180912768,20,162,234,Legitimate User
182511218,83,769,94,Legitimate User
183959464,269,289,7605,Legitimate User
184048837,106,295,3233,Legitimate User
184777483,55,335,869,Legitimate User
185178011,10,29,66,Legitimate User
185771893,29,101,322,Legitimate User
188047458,496,463,15537,Legitimate User
188043254,1139,1645,40614,Legitimate User
189152524,21,71,176,Legitimate User
192912616,22,32,46,Legitimate User
195763762,914,953,16173,Legitimate User
196179205,179,4,1513,Legitimate User
201724641,25,103,85,Legitimate User
202220813,1241,360,2892,Legitimate User
202326763,20,77,308,Legitimate User
203583202,53,201,801,Legitimate User
204444302,112,87,1749,Legitimate User
204808236,244,449,407,Legitimate User
207138462,8,24,3,Legitimate User
207490418,548,1968,3054,Legitimate User
210525855,109,199,5162,Legitimate User
211462267,249,389,4654,Legitimate User
213981500,139,45,728,Legitimate User
214967682,27,111,244,Legitimate User
215992174,21,44,17,Legitimate User
217232725,17,86,27,Legitimate User
220859239,320,228,2336,Legitimate User
221964205,225,342,658,Legitimate User
222893837,857,1033,575,Legitimate User
223007169,15,80,165,Legitimate User
225060606,21,51,94,Legitimate User
226576785,287,491,1905,Legitimate User
226923750,60,87,1389,Legitimate User
228711740,2158,1370,4037,Legitimate User
233533428,208,478,3441,Legitimate User
233890781,24,67,159,Legitimate User
234430637,63,165,538,Legitimate User
237886553,20,97,48,Legitimate User
238505344,230,821,3032,Legitimate User
242272799,92,391,1021,Legitimate User
248134718,30,132,119,Legitimate User
252679829,261,360,1235,Legitimate User
254602977,164,375,619,Legitimate User
255499265,246,510,5774,Legitimate User
257111136,9,26,8,Legitimate User
257400824,353,235,2999,Legitimate User
264133279,34,117,80,Legitimate User
265017059,72,118,1514,Legitimate User
265731317,49,159,50,Legitimate User
267989312,57,254,433,Legitimate User
271374532,13,48,132,Legitimate User
272121120,38,93,740,Legitimate User
272911207,118,135,2536,Legitimate User
275183383,13,65,136,Legitimate User
276983152,49,228,302,Legitimate User
281234838,19,29,33,Legitimate User
282523842,24,111,336,Legitimate User
283013230,50,158,218,Legitimate User
286690782,167,37,498,Legitimate User
286841761,850,862,13798,Legitimate User
290147254,25,51,33,Legitimate User
290494853,105,258,1575,Legitimate User
290585680,270,727,2699,Legitimate User
291949510,1405,2001,9022,Legitimate User
297023247,43,62,1123,Legitimate User
299618434,19,75,163,Legitimate User
303061039,57,97,277,Legitimate User
304268784,15,111,35,Legitimate User
312691936,173,322,4463,Legitimate User
317336535,283,508,2855,Legitimate User
321282277,23,26,317,Legitimate User
326716112,94,457,1073,Legitimate User
328117388,1,42,1,Legitimate User
331349150,489,1997,1590,Legitimate User
338966793,54,200,1201,Legitimate User
342957744,13,74,49,Legitimate User
343931635,70,151,2327,Legitimate User
344675728,11,95,38,Legitimate User
344780239,41,91,482,Legitimate User
344955391,247,1253,411,Legitimate User
353254693,18,25,3,Legitimate User
353608206,38,140,377,Legitimate User
356979186,2880,724,31925,Legitimate User
359370934,11,26,8,Legitimate User
365993895,128,229,971,Legitimate User
370595287,48,187,364,Legitimate User
372786191,669,1362,905,Legitimate User
374138547,341,733,1170,Legitimate User
378814988,6,14,6,Legitimate User
379176983,8,30,20,Legitimate User
379296310,769,1106,8252,Legitimate User
379728710,14,84,61,Legitimate User
381384396,13,21,104,Legitimate User
383145557,174,464,1010,Legitimate User
384547005,13,141,265,Legitimate User
384858886,47,85,1673,Legitimate User
392094997,667,1361,3267,Legitimate User
393255100,46,90,474,Legitimate User
395890746,12,33,61,Legitimate User
397337275,20,192,1506,Legitimate User
400741034,333,241,399,Legitimate User
400826236,91,168,240,Legitimate User
402034337,9,41,30,Legitimate User
405135128,16,131,86,Legitimate User
405611085,218,1300,624,Legitimate User
406150965,237,440,1933,Legitimate User
406923780,32,164,130,Legitimate User
407302551,16,39,62,Legitimate User
408637014,86,81,194,Legitimate User
409297732,71,203,3625,Legitimate User
409503051,8,55,59,Legitimate User
410193975,133,377,318,Legitimate User
412604603,2,41,118,Legitimate User
421319874,66,144,5297,Legitimate User
423410028,237,675,385,Legitimate User
423649561,22,14,15,Legitimate User
424920096,82,173,1882,Legitimate User
425209420,11,59,22,Legitimate User
426932675,3,58,12,Legitimate User
428213157,16,38,95,Legitimate User
428259355,65,100,343,Legitimate User
428434740,516,2000,414,Legitimate User
429414906,514,1176,1770,Legitimate User
433988089,217,1308,855,Legitimate User
435045600,25,59,21,Legitimate User
437392860,44,126,374,Legitimate User
437721739,0,8,4,Legitimate User
550428173,2,24,125,Legitimate User
479506412,15,55,20,Legitimate User
440128266,452,1710,2991,Legitimate User
479815906,112,165,211,Legitimate User
986364644,40,188,29,Legitimate User
552027659,426,139,9749,Legitimate User
724632068,16,51,817,Legitimate User
987245388,1,12,33,Legitimate User
442592200,89,717,216,Legitimate User
482148232,58,303,339,Legitimate User
446366385,17,59,39,Legitimate User
483227930,55,187,889,Legitimate User
483838785,537,326,2714,Legitimate User
449195625,21,108,11,Legitimate User
995328134,187,372,3859,Legitimate User
486991172,45,113,1020,Legitimate User
487275447,7,29,46,Legitimate User
452726181,33,91,960,Legitimate User
453034522,56,286,642,Legitimate User
487880355,156,563,143,Legitimate User
754656198,14,85,95,Legitimate User
1001305494,76,130,1446,Legitimate User
561814955,49,117,346,Legitimate User
766507921,58,424,159,Legitimate User
491275814,692,1902,872,Legitimate User
491391312,16,44,45,Legitimate User
769388442,151,279,557,Legitimate User
564751387,23,113,318,Legitimate User
565292271,189,375,85,Legitimate User
493462829,106,221,1589,Legitimate User
493919122,30,87,314,Legitimate User
462251578,7,89,79,Legitimate User
495378971,49,91,637,Legitimate User
464014539,36,48,244,Legitimate User
1017001452,3,16,1,Legitimate User
1018511592,9,28,172,Legitimate User
499717759,91,201,690,Legitimate User
573824373,83,225,468,Legitimate User
499933271,43,132,298,Legitimate User
469218793,1493,930,7722,Legitimate User
501066121,588,612,29852,Legitimate User
469454275,440,704,522,Legitimate User
1028535421,14,144,118,Legitimate User
578266551,54,128,691,Legitimate User
504803459,24,66,155,Legitimate User
504944262,82,194,2270,Legitimate User
475246008,95,193,788,Legitimate User
475693524,14,213,12,Legitimate User
819790166,22,82,157,Legitimate User
477087533,13,51,45,Legitimate User
515405009,36,80,459,Legitimate User
515909793,47,193,0,Legitimate User
833089766,548,1217,4137,Legitimate User
834141984,25,56,168,Legitimate User
525408377,32,111,32,Legitimate User
526702246,13,25,23,Legitimate User
602758496,16,133,7,Legitimate User
866254687,59,319,1196,Legitimate User
535670031,9,43,93,Legitimate User
605521007,283,58,1033,Legitimate User
536512353,10,38,247,Legitimate User
538395588,12,79,298,Legitimate User
607937852,103,451,683,Legitimate User
539143317,233,344,1021,Legitimate User
543301439,674,1165,747,Legitimate User
543727249,273,518,971,Legitimate User
614249086,31,179,32,Legitimate User
893784643,89,260,2224,Legitimate User
898218318,17,60,47,Legitimate User
899934248,1187,1732,1018,Legitimate User
621508569,4,20,23,Legitimate User
622618462,12,56,11,Legitimate User
916815853,40,172,168,Legitimate User
919599445,33,108,30,Legitimate User
629208634,117,318,462,Legitimate User
1147652996,2,14,16,Legitimate User
938775151,44,49,54,Legitimate User
947759960,32,36,44,Legitimate User
948165787,11,46,22,Legitimate User
955966339,35,98,365,Legitimate User
960978096,27,59,82,Legitimate User
962500717,6,47,46,Legitimate User
964327405,26,40,52,Legitimate User
968350345,41,103,17,Legitimate User
971643848,56,206,31,Legitimate User
974434579,65,178,690,Legitimate User
982398253,6,41,43,Legitimate User
982457101,17,69,26,Legitimate User
982676647,18,47,348,Legitimate User
11990112,1252,822,3570,Legitimate User
14474989,47,22,575,Legitimate User
14867242,93,45,166,Legitimate User
15530118,21,42,57,Legitimate User
17498356,47,98,65,Legitimate User
19861856,947,699,14941,Legitimate User
22407164,7,27,37,Legitimate User
22600059,11,5,5,Legitimate User
22840934,272,155,2769,Legitimate User
22994885,615,376,6422,Legitimate User
30638954,253,320,4304,Legitimate User
31107779,43,90,133,Legitimate User
45434489,99,110,511,Legitimate User
47081262,89,182,291,Legitimate User
47637732,239,489,2391,Legitimate User
61728897,40,98,49,Legitimate User
72863207,19682,17637,112283,Legitimate User
80849401,123,154,1883,Legitimate User
91866630,15206,51,17642,Legitimate User
96109716,89,29,10479,Legitimate User
118197667,45,21,349,Legitimate User
133387350,18,20,251,Legitimate User
206326866,12,3,5,Legitimate User
240173232,30,32,1575,Legitimate User
240821668,16,32,30,Legitimate User
254497239,235,169,1891,Legitimate User
281623827,67,132,690,Legitimate User
294182639,15,27,104,Legitimate User
305476548,54,77,86,Legitimate User
333412049,57,161,685,Legitimate User
339887833,38,26,83,Legitimate User
363161920,399,456,27743,Legitimate User
394789922,55,135,341,Legitimate User
397034400,18,13,42,Legitimate User
425767265,9,14,4,Legitimate User
425878819,6,23,293,Legitimate User
443896569,428,195,2801,Legitimate User
488525613,1,14,11,Legitimate User
583885189,2395,2481,2003,Legitimate User
588147020,15,28,20,Legitimate User
614133542,108,102,312,Legitimate User
780431689,2,9,1,Legitimate User
791830218,12,23,3,Legitimate User
821873300,1,17,1,Legitimate User
832044601,5,45,28,Legitimate User
851100607,18,37,9,Legitimate User
890871740,11,13,3,Legitimate User
975603631,1,3,1,Legitimate User
980531466,1,1,1,Legitimate User
983033413,5,35,151,Legitimate User
1010894497,59,66,230,Legitimate User
39588706,3,9,5,Legitimate User
13972932,7841,584,6036,Legitimate User
90626911,152,293,160,Legitimate User
321257315,7,46,17,Legitimate User
